{
  "APARout":[
    11736.519001497581,
    13539.222583555897,
    15000.050279001845,
    16264.02625650657,
    17398.656512064088,
    18440.64138657862,
    19412.24726633057,
    20328.08920354622,
    21198.33672679459],

  "LAI2":[
    2.610624067906902,
    3.6041725992818727,
    4.245374333358341,
    4.693672975316244,
    5.0240982076003515,
    5.277265726372188,
    5.476888103915052,
    5.637757335329641,
    5.769607049519279,
    5.879124138407177],

  "PARout":[
    0],

  "bl2":[
   2739.7610351073777,
   4035.4252468202762,
   5199.203595923697,
   6200.789501652673,
   7085.161618600029,
   7881.470201296978,
   8609.141692614774,
   9281.676996507158,
   9908.824035278072,
   10497.853327318564],

  "bo2":[
   12214.573423126736,
   21264.664801964806,
   31303.857594417997,
   42003.435128985584,
   53170.246750082086,
   64690.33948804393,
   76489.2859987472,
   88515.18508036988,
   100730.01485175679,
   113104.83090609933],

  "boh2":[
   0,
   0,
   70.8702468747018,
   548.5787977832622,
   1617.575158206714,
   3290.235240427283,
   5527.813599477011,
   8280.112188822768,
   11497.838253888147,
   15136.241089202837],

  "bos2":[
   12214.573423126736,
   21264.664801964806,
   31232.987347543294,
   41454.856331202325,
   51552.67159187537,
   61400.10424761665,
   70961.47239927019,
   80235.07289154711,
   89232.17659786865,
   97968.58981689649],

  "br2":[
   1781.2830345854127,
   2623.672078472671,
   3380.3142099257507,
   4031.505302394502,
   4606.488677948995,
   5124.216666075244,
   5597.319562870422,
   6034.575116049094,
   6442.321034776392,
   6825.284319289438],

  "bs2":[
   25072.019131681198,
   43648.52248824355,
   64109.81613443098,
   85091.54720615214,
   105818.64168858629,
   126031.79292931838,
   145657.75913534407,
   164693.04435633356,
   183160.78354299354,
   201093.42120310332],

  "bt2":[
   12857.44570855446,
   22383.857686278745,
   32951.42904675579,
   44214.142241037465,
   55968.68078956009,
   68095.09419794098,
   80515.0378934181,
   93173.87903196829,
   106031.59458079662,
   119057.71674326247],

  "bth2":[
   0,
   0,
   74.60025986810717,
   577.4513660876445,
   1702.7106928491726,
   3463.405516239245,
   5818.7511573442225,
   8715.907567181861,
   12102.987635671734,
   15932.885357055618],

  "bts2":[
   12857.44570855446,
   22383.857686278745,
   32876.82878688768,
   43636.69087494982,
   54265.97009671092,
   64631.68868170174,
   74696.28673607389,
   84457.97146478643,
   93928.60694512489,
   103124.83138620685],

  "clr2":[
   443.87635662864454,
   653.7905434280441,
   842.3375323456667,
   1004.6072693733543,
   1147.886872281923,
   1276.8990554286872,
   1394.7911512172589,
   1503.7504788997148,
   1605.3563266626993,
   1700.786611548197],

  "cs2":[
   2212.480328275207,
   3851.7585967476098,
   5656.328667302896,
   7500.985649455494,
   9315.037092013094,
   11075.99664770857,
   12778.5410611721,
   14423.587496177846,
   16014.291609295238,
   17554.473059449687],

  "deltas2":[
   1.2375,
   0.08824488080620858,
   0.08823138462837866,
   0.08815841964799134,
   0.08803690137338535,
   0.08789198772601968,
   0.087739465001897,
   0.08758792865204483,
   0.08744186058762486,
   0.08730348042014587],

  "dr2":[
   1.2375,
   0.0006044351005480703,
   0.0005125911197376154,
   0.0004470656137794682,
   0.000398832537509039,
   0.000361896340530396,
   0.0003326497810927642,
   0.0003088548368278682,
   0.0002890634893531058,
   0.0002723009880602617],

  "egrow2":[
   1.2375,
   41084.93087685839,
   45581.575349899074,
   48991.50907627521,
   51852.37332786257,
   54389.133341358975,
   56712.81158392272,
   58885.26370382558,
   60944.19293361638,
   62914.20920842285],

  "errorind":[
   -858993459,
   -858993459,
   -858993459,
   -858993459,
   -858993459,
   -858993459,
   -858993459,
   -858993459,
   -858993459,
   -858993459],

  "ex2":[
   0,
   41084.93087685839,
   45581.575349899074,
   48991.50907627521,
   51852.37332786257,
   54389.133341358975,
   56712.81158392272,
   58885.26370382558,
   60944.19293361638,
   62914.20920842285],

  "fl2":[
   0,
   0.10162300960450722,
   0.09852057931431749,
   0.09812766918494534,
   0.09872619543497799,
   0.0996814342694253,
   0.10073497400551087,
   0.1017752790285254,
   0.10275409955799517,
   0.10365227488607831],

  "fo2":[
   0,
   0.402150405602726,
   0.4064939849061007,
   0.40984619566509956,
   0.41305155904772506,
   0.41633763629679876,
   0.4197499251087324,
   0.42327920112042966,
   0.4269013811348363,
   0.43059070646498493],

  "fr2":[
   0,
   0.1141644285318365,
   0.12224359169636889,
   0.12971081713667404,
   0.13621054005791985,
   0.14179178238525106,
   0.14658154364906326,
   0.15070578769709905,
   0.15427246994735824,
   0.15737037864319395],

  "ft2":[
   0,
   0.38206215626093026,
   0.37274184408321287,
   0.36231531801328115,
   0.35201170545937704,
   0.34218914704852493,
   0.3329335572366935,
   0.32423973215394586,
   0.31607204935981037,
   0.30838664000574273],

  "h":[
   9.677458813608805,
   11.436931057347987,
   12.821325612561653,
   13.962466209260864,
   14.93290399771085,
   15.777936346050659,
   16.52704213328473,
   17.200344364936903,
   17.81216129804067,
   18.37303977943611],

  "hB2":[
   0.4354856466123962,
   0.5146618975806594,
   0.5769596525652744,
   0.6283109794167389,
   0.6719806798969883,
   0.7100071355722796,
   0.7437168959978129,
   0.7740154964221606,
   0.8015472584118302,
   0.8267867900746249],

  "hBH2":[
   1.37,
   1.37,
   1.37,
   1.37,
   1.37,
   1.37,
   1.37,
   1.37,
   1.37,
   1.37],

  "hC2":[
   6.870995757662251,
   8.12022105071707,
   9.103141184918773,
   9.913351008575212,
   10.602361838374703,
   11.202334805695967,
   11.734199914632159,
   12.2122444991052,
   12.646634521608876,
   13.044858243399636],

  "hh2":[
   6.870995757662251,
   8.12022105071707,
   9.103141184918773,
   9.913351008575212,
   10.602361838374703,
   11.202334805695967,
   11.734199914632159,
   12.2122444991052,
   12.646634521608876,
   13.044858243399636],

  "la2":[
   16.493361431346415,
   24.293259985858064,
   31.299205647460656,
   37.32875279994909,
   42.65267294397218,
   47.44645061180781,
   51.82703298954094,
   55.87569551897309,
   59.65112069237399,
   63.197077030457756],

  "light2":[
   1.2375,
   11736.519001497581,
   13539.222583555897,
   15000.050279001845,
   16264.02625650657,
   17398.656512064088,
   18440.64138657862,
   19412.24726633057,
   20328.08920354622,
   21198.33672679459],

  "nut2":[
   0,
   0,
   0.006168115964939264,
   0.01675780442487733,
   0.024473898731540922,
   0.02941629366770344,
   0.03249407824879782,
   0.03437549025320563,
   0.03548545085264873,
   0.036089928266877354],

  "r":[
   0.05,
   0.06068565405210999,
   0.06953510550510421,
   0.07715123434577244,
   0.08387606138980251,
   0.08993124719868806,
   0.09546451179422358,
   0.10057851698843043,
   0.10534738666002035,
   0.10982640633616374],

  "rB2":[
   1.2375,
   0.05663580716308012,
   0.06489469196574615,
   0.07200255973263003,
   0.07827860657796368,
   0.08392970058305066,
   0.08909370369894279,
   0.09386642661894927,
   0.09831704657723637,
   0.10249715963064226],

  "rBH":[
   0.05,
   0.0543729885542929,
   0.06275797278982514,
   0.0699714026461321,
   0.0763388490364037,
   0.08207101012636099,
   0.08730819088671009,
   0.09214785060816227,
   0.09666033160828731,
   0.10089808474540433],

  "rC2":[
   1.2375,
   0.031209614731689084,
   0.03576073928902807,
   0.03967758669846778,
   0.043136052532933386,
   0.046250133103966445,
   0.049095798342852576,
   0.0517258454988081,
   0.05417839524027015,
   0.05648187998722626],

  "ra2":[
   65.97344572538566,
   97.17303994343226,
   125.19682258984263,
   149.31501119979637,
   170.6106917758887,
   189.78580244723125,
   207.30813195816376,
   223.50278207589236,
   238.60448276949597,
   252.78830812183102],